,body,created_at,authors,title,date,Grasse Hopper,Unammed Unammed,Test TEst,Antonio Pisanello,Test PP ppp,Alan Turing,Test UUID,Test Test
0,Blue change around research school record safe. Here say game test test how do. Face material perhaps may former require.,2025-04-03,Test UUID;Antonio Pisanello;Alan Turing;Antonio Pisanello;Unammed Unammed;Grasse Hopper;Test Test;Test Test;Antonio Pisanello,Rich discussion practice until go.,2025-04-03,1,1,0,1,0,1,1,1
1,Their cultural sister play might. Purpose able painting same picture wait. Join teacher not guy. Crime quickly traditional rule action five star. Various mind already too hotel machine.,2025-04-02,Grasse Hopper;Test TEst;Alan Turing;Test UUID;Antonio Pisanello;Antonio Pisanello;Test Test;Antonio Pisanello,Let material increase involve manage.,2025-04-02,1,0,1,1,0,1,1,1
2,Natural mission itself friend. Stand choice worry firm mean turn vote. Air choice keep cup budget individual least. Appear give child tell.,2025-04-05,Grasse Hopper;Antonio Pisanello;Test TEst;Antonio Pisanello;Test Test;Alan Turing;Test Test;Test PP ppp;Antonio Pisanello;Test UUID,Ask writer environmental writer.,2025-04-05,1,0,1,1,1,1,1,1
3,Low season discover industry let much president. While financial yard at source us vote. Capital course dinner blue buy page machine ball. Smile challenge various pull.,2025-04-05,Test PP ppp;Antonio Pisanello;Test UUID;Test Test;Test TEst;Test Test;Unammed Unammed;Antonio Pisanello;Antonio Pisanello;Grasse Hopper,Management condition bad debate catch surface.,2025-04-05,1,1,1,1,1,0,1,1
4,Sort word put type. Cup southern up Congress former. Wife your development college. Cell ten soldier politics candidate professional miss better. Dream authority page.,2025-04-04,Test Test,Draw suffer politics more.,2025-04-04,0,0,0,0,0,0,0,1
5,Agency recent wind man. It move adult however nearly than say. Her hand would improve nation morning space until. Difference tax voice term series.,2025-04-06,Test TEst;Test UUID;Alan Turing;Test Test;Unammed Unammed;Test Test;Antonio Pisanello;Antonio Pisanello,Hear language sea could their guess people.,2025-04-06,0,1,1,1,0,1,1,1
6,Garden them stage think. Former behavior history me. Stuff last effort or. Apply where exactly news. Method wrong factor large impact strong art.,2025-04-06,Test Test;Alan Turing;Test UUID;Antonio Pisanello;Test TEst,Camera rise table really pull answer stuff hot.,2025-04-06,0,0,1,1,0,1,1,1
7,How history hope activity operation local face. Then bag myself author certainly. Body knowledge past area particular worry.,2025-04-02,Unammed Unammed;Test PP ppp;Test TEst;Antonio Pisanello;Test Test;Antonio Pisanello;Test Test,Wife late market economic upon.,2025-04-02,0,1,1,1,1,0,0,1
8,Live air outside with. Alone effect less almost. Well few father. Entire enjoy work thousand site avoid save. Whether middle level now carry second pick.,2025-04-08,Test UUID;Test PP ppp;Antonio Pisanello;Test TEst;Alan Turing,Five senior after me.,2025-04-08,0,0,1,1,1,1,1,0
9,Hair vote hour team part find. Plan quite should event speech pull sign. Of deal environmental social beat. Hand anything heart bank. Hope seek something organization including at truth require. Impact apply information exist send woman site.,2025-04-05,Test Test,Piece hear strategy ability score ten green.,2025-04-05,0,0,0,0,0,0,0,1
10,Consumer trial instead popular during key. Somebody rich age me. Serious enough include lot small lose key. Personal trip pay tend fact start. Return here morning society mention. Police travel learn explain.,2025-04-02,Alan Turing,Sound traditional top determine girl way well.,2025-04-02,0,0,0,0,0,1,0,0
11,Though low condition land time always according. Leave eat manager. Institution stuff face situation song. Effort major themselves stop sometimes rise consider. Peace stand report job true. Small away three upon much contain.,2025-04-04,Antonio Pisanello;Test Test;Unammed Unammed;Grasse Hopper,Face head start.,2025-04-04,1,1,0,1,0,0,0,1
12,Control compare toward say cell plant. Sport fill left forward. Large cup remember environmental trip last value. Quality accept interest begin win.,2025-04-03,Alan Turing;Grasse Hopper;Test TEst;Antonio Pisanello;Unammed Unammed;Antonio Pisanello;Test PP ppp;Test Test;Antonio Pisanello;Test Test,Total American field sense southern war.,2025-04-03,1,1,1,1,1,1,0,1
13,Marriage notice often however learn environment record different. Change project moment. Area participant white everyone.,2025-04-09,Alan Turing;Antonio Pisanello;Test UUID;Test TEst;Antonio Pisanello;Grasse Hopper,Pattern buy floor.,2025-04-09,1,0,1,1,0,1,1,0
14,His population save worry father. News town think could across save report. Not man particular rich.,2025-04-09,Unammed Unammed;Alan Turing;Antonio Pisanello;Grasse Hopper;Test Test;Test UUID;Antonio Pisanello;Test PP ppp;Test TEst;Test Test;Antonio Pisanello,System financial watch happy animal team particular red.,2025-04-09,1,1,1,1,1,1,1,1
15,Wall coach stop team mouth. Street instead radio recognize economic main. Our throughout common because voice short. Policy along feel hair them blue he fill.,2025-04-08,Antonio Pisanello;Unammed Unammed;Test Test;Antonio Pisanello;Antonio Pisanello;Test UUID;Test TEst;Test PP ppp;Test Test,Prevent modern teach material answer.,2025-04-08,0,1,1,1,1,0,1,1
16,Why most mouth maybe. Take first marriage near. Most across political budget. Especially world keep south firm cover pick Congress.,2025-04-07,Unammed Unammed;Grasse Hopper;Antonio Pisanello;Test Test;Test TEst;Antonio Pisanello;Antonio Pisanello;Test Test,Remain let set.,2025-04-07,1,1,1,1,0,0,0,1
17,Source even exactly remain mission consider money. Me hotel understand hand cup produce. They upon represent part building. Citizen debate note scientist. Her among reflect service federal lawyer above. So field throughout suffer between hand.,2025-04-06,Antonio Pisanello;Antonio Pisanello;Test TEst,View fast worry head anyone state.,2025-04-06,0,0,1,1,0,0,0,0
18,Degree industry great rise. Care beat finish cell. Person audience one yeah few discover resource. Write capital model much particularly kid. Win bed ground. Only treatment whatever see.,2025-04-02,Test PP ppp;Unammed Unammed;Antonio Pisanello;Antonio Pisanello;Test Test;Alan Turing;Antonio Pisanello;Test UUID;Test TEst;Test Test;Grasse Hopper,South consumer lead free cell.,2025-04-02,1,1,1,1,1,1,1,1
19,Forward letter with project agreement occur computer. Town which out project yeah. South fact TV rock test inside foot method. Game treat her. Politics region oil medical. Form scientist Mrs wide.,2025-04-08,Test Test;Grasse Hopper,Gas alone already almost season laugh watch.,2025-04-08,1,0,0,0,0,0,0,1
