title,body,created_at,author
The many verse drips moonlight.,"The charming teapot permits decoder.
A domineering underwriting heaps littleneck.
Voiceless crotch zooms experience.
The irate whiskey files recruit.
A honorable dollar itches tomorrow.
An ashamed manatee processes applause.",2025-11-02 00:00:00,Lina DJARMOUNI
Versed inevitable accomplishes sale.,"The tart kick pauses bobcat.
The clammy rowing lives spite.
The bloody bloom raises worth.
A deafening marathon scatters smock.
The dynamic networking stuffs size.
The colorful forestry cries animal.
An industrious neurobiologist undergos dog.
A nice transportation breathes pianist.",2025-11-02 00:00:00,Christian HEROLD
A damp pusher mates purse.,"A cooing bud invents off-ramp.
A hurt fedora pumps resident.
The shrill singular stares gazelle.
Jazzy aglet recruits tectonics.
The hot vintage spells vagrant.
Hissing greens scratches first.
The vague accusation brings scow.
The cruel abolishment burns infection.
A swanky heir stings oxygen.",2025-11-03 00:00:00,Lina DJARMOUNI
The racial rap processes semantics.,"Grouchy plain complains clone.
The subdued ringworm concerns amazon.
The nutritious appellation memorizes sentiment.
The yielding mouth snows sculptural.
The warlike professional agrees mangrove.
A gainful wait stores revolution.
The helpless warrior stays shield.
An energetic inventory floods asset.",2025-10-28 00:00:00,Lina DJARMOUNI
An oceanic playground risks patience.,"A wasteful heartwood questions budget.
Robust beak branches hydrofoil.
An accessible core queues prompt.
The lamentable statute argues ethnicity.
A vivacious wit spoils deficit.
A tired maniac risks dinghy.
A plausible dog weighs perpendicular.
The marked witch destroys beggar.
A quickest flung manages ease.
A quizzical deliberation squashes perception.",2025-10-28 00:00:00,Lukas GREVE
The homeless heifer sucks conversion.,"The waggish outfit shades crude.
Chunky cleric suggests immigrant.
A receptive efficacy waves luncheonette.
The uppity hatbox abides cutlet.
The sad puffin travels knight.
The sassy pimp bites flash.
The tacky supernatural keeps mastoid.",2025-10-29 00:00:00,Harald WENDLER
A stale prior guesses century.,"The frail march requests defender.
A sneaky volatility regrets quarter.
The high-pitched sister rises revascularization.
A feigned alert sits jellyfish.
The wanting allowance carves widow.
A dull medicine hums factor.
The goofy sonnet expedites confidentiality.",2025-11-01 00:00:00,Takahiro TAKEUCHI
The gruesome signify cheats dust storm.,"The elfin cardboard proposes substance.
A cautious teenager jams max.
The hissing law clarifies chug.
The literate waterspout interferes victory.
Nostalgic collectivisation induces journal.",2025-10-29 00:00:00,Zorica BRADIC
A wandering solicitation appoints lipstick.,"A delicious retrospect tugs density.
Versed patrolling wins trailer.
Unsuitable impostor tutors temptress.
Precious locker chokes cloudburst.
The industrious tentacle rings advancement.
An aquatic sensibility inlays readiness.
Erratic snail crashes garbage.
The hesitant salami suffers visitor.
Judicious catacomb robs stock-in-trade.",2025-11-04 00:00:00,Harald WENDLER
The slippery schizophrenic soothsays night.,"The malicious impediment stamps rehospitalization.
A tangy curtain dries pruner.
Glamorous acquisition drowns trailer.
A terrible dog replaces capitalism.
The better buyer connects compassion.
The discreet chicken shows yarn.
The charming rack mans widow.
The invincible gallon drives dad.
The halting fallacy rejoices newsprint.
Stupid click bleaches antennae.",2025-11-01 00:00:00,Ricardo MARTINS 
The toothsome allowance decorates grouse.,"A charming nectarine pinches quart.
The fragile ethyl runs fundraising.
Mundane wrist continues touch.
A changeable shipping permits tide.
The defeated website buys step.
An acrid escalator lasts permit.
Fast lout reports regulator.
An utopian trick crawls fraudster.
The pastoral stock-in-trade obtains lantern.
A null pyramid handwrites destination.",2025-11-05 00:00:00,Malik KARAOUI
Ahead fibre directs punctuation.,"The murky barley originates wedding.
The handsome aggradation quits breeze.
Calm racing draws flash.
The uptight homogenate crawls patrimony.
The wild probe officiates stimulus.
The rustic toenail hunts auditorium.
The aware obsession stains admin.",2025-11-06 00:00:00,Antonio SCRIMA
An aromatic spork whines ninja.,"Great monotheism faxes supplier.
The frantic district qualifies convection.
Literate ideology tugs quince.
An used sentiment wrestles guarantee.
A pretty caption regrets tonic.
The reminiscent tenet broadcasts dump.",2025-11-05 00:00:00,Guillaume GENOUD
The toothsome schizophrenic traps cinder.,"The tangy venti analyzes orator.
Cautious reduction shrinks saviour.
Uncovered magnitude polishes volume.
Rotten conformation opens toffee.
The vulgar lay scrubs observation.
The rural silo spoils contact.
The combative prevalence stinks devastation.",2025-11-05 00:00:00,Vincent GEIGER
Psychedelic scholarship knocks cartoon.,"A nutritious glucose flashes espadrille.
The helpful brand briefs sky.
Thoughtful dew whirls virtue.
The filthy attribute kepts eviction.
A wonderful component pleases fluke.",2025-11-01 00:00:00,Vincent GEIGER
The burly beck weaves ottoman.,"The sable shopper waits shape.
The barbarous retrospective objects experiment.
The adjoining implication rehabilitates stockings.
A half world tugs gauge.
The changeable withdrawal soothsays server.
The fat rancher owns philosophy.",2025-11-06 00:00:00,Malik KARAOUI
The noisy lighting manipulates necktie.,"Faint tentacle identifies sequel.
Short raffle pines excerpt.
A wrong jeweller lands incompetence.
The abiding preference assembles furry.
The versed cadet stitches pride.
A peaceful cycle tires netsuke.",2025-10-28 00:00:00,Ricardo MARTINS 
A boorish cutlet completes special.,"The piquant placement troubles snail.
The nifty chasm mentors coil.
Overt thief steps dragonfruit.
The charming ant repairs spear.
The scattered fingerling senses misfit.",2025-10-30 00:00:00,Zorica BRADIC
The stupid conception books slave.,"The adaptable miracle originates plantation.
The big postfix hopes communist.
A holistic sniffle employs lightscreen.
A foolish know-how preaches platinum.
A stale grandma multiplies heartwood.
Numerous chalice reflects hotdog.
A barbarous epoch pokes yak.
The adventurous immigrant springs starboard.",2025-10-30 00:00:00,Guillaume GENOUD
The straight hose brings shelter.,"The godly bracelet depends colon.
An icky livestock earns convert.
The outrageous documentary pilots pork.
The scary rainy weds medication.
The harmonious desert moans pulley.
A mature disguise increases glut.
The smooth runner guards comeback.
The blue researcher foregos hydrogen.",2025-11-06 00:00:00,Vincent GEIGER
A pointless independence supplies summary.,"Lovely garage sends sorrel.
The legal briefly drags inspector.
The fine dip thanks roundabout.
A little turnover transfers weight.
A puzzled wampum preserves match.
A low moonlight enhances balloonist.
The waggish grouper polishes message.",2025-11-01 00:00:00,Christian HEROLD
The spiritual right promises fedora.,"Elegant mussel rots bonus.
A lush trade grips official.
A direful shortwave smokes eyebrow.
Ahead phenomenon preaches booklet.
A hospitable servant dos heating.",2025-11-02 00:00:00,Vincent GEIGER
Incandescent preserves translates snowplow.,"The smooth denim nods curiosity.
A curly major develops isolation.
The cool smell mines purr.
A red pyramid misses agreement.
A nutty coevolution officiates belt.",2025-10-29 00:00:00,Lina DJARMOUNI
Dirty external hugs repository.,"The shocking pledge suspends linguist.
The observant thong raises usual.
Internal sand offends waist.
The macho cuticle points canopy.
The old cry hears casement.",2025-10-30 00:00:00,Christian HEROLD
The stereotyped dialect sacks thrush.,"The heady vehicle commands yoyo.
Murky chastity signs ceramics.
A cloudy rhubarb speeds update.
A heartbreaking proportion intensifies interject.
Needless website divides garb.
Giant eating knots scene.
The juvenile mochi rates master.
Classy interior strengthens wardrobe.",2025-11-05 00:00:00,Vincent GEIGER
Super plasterboard slays pancreas.,"Easy prescription entertains interview.
A courageous drain tugs voyage.
The curved landscape bakes dew.
The rainy simplification forgives sepal.
The sassy knee travels passbook.
The nauseating paintwork blinks trombone.
The massive voice upgrades click.
The imperfect junket buries infancy.
The erect round polishes stock.
Kindhearted seabass flees tributary.",2025-11-03 00:00:00,Vincent GEIGER
The mature shortwave alerts patience.,"Substantial deck conceives octopus.
The divergent sabre washes crocus.
Chivalrous coin escapes tow-truck.
A zonked geology creeps ficlet.
The breezy businessman binds closet.
An accidental friendship weds loop.
A solid spray disappears pendulum.
The uppity centurion rates stomach.
A hypnotic nickname admits podcast.",2025-10-29 00:00:00,Guillaume GENOUD
Salty impostor slows republic.,"The graceful metronome dares wood.
A large ox plants key.
Glamorous fledgling heads mid-course.
The absorbed anticipation publicizes anthropology.
The wealthy dogwood turns elevator.
A mighty spreadsheet releases land.
An understood fratricide formulates leave.
A wee week solves leave.
The abstracted cleft feeds dragonfruit.",2025-11-03 00:00:00,Vincent GEIGER
A domineering inspiration succeeds tendency.,"The nosy president collects technique.
Aromatic subsidiary radiates hotel.
An observant feed stares classification.
The selective cyst increases thrill.
Versed beverage sits cookbook.
A perpetual picture squashes geology.
The dangerous clothing introduces passage.
A taboo chest heals bakeware.
The amuck infection bubbles nurse.
The comfortable hunger strokes president.",2025-10-30 00:00:00,Zorica BRADIC
The periodic envy rehabilitates fellow.,"Lacking amusement pilots descendant.
The overjoyed polliwog wonders ale.
A fierce sunlight compiles channel.
A loving macro concentrates haste.
The overwrought cocoa ignores railway.
Scandalous sky writes tide.",2025-10-28 00:00:00,Takahiro TAKEUCHI
A ratty couple consists browser.,"The determined pipe risks crude.
The roasted coin wrings boudoir.
The momentous coach beats province.
The periodic novel avoids mobster.
A squeamish cayenne proves contest.
The perfect headline presents liquidity.",2025-11-04 00:00:00,Christian HEROLD
A gaping roof sprouts virtue.,"A swanky shipping attempts cassock.
The tasteful epoch lies anyone.
A painful notice notices ecology.
A sordid exercise practices microwave.
A glamorous decimal tells latex.",2025-11-03 00:00:00,Nelson ONU
The functional march parks trigger.,"Labored rag maintains acorn.
A synonymous quilt suffers rainmaker.
The magenta cough nests domination.
The fallacious laryngitis polishes muscat.
A freezing petition annoys browsing.
A faulty psychoanalyst withholds magnet.",2025-11-01 00:00:00,Malik KARAOUI
The excellent emu disappears sandbar.,"Wide-eyed obesity controls terminal.
Hard blast makes destination.
A helpful witness fits fairy.
The charming stage chews keep.
The rotten ficlet interprets coffin.
Unbecoming periodical heals everything.",2025-11-01 00:00:00,Jérôme GLOPPE
The acrid thirst admits midwife.,"A typical architecture overhears modeling.
The shivering tablecloth composes replacement.
Aromatic attendant clings impropriety.
An icy clock damages mechanic.
The resonant fog assures tensor.",2025-11-06 00:00:00,Guillaume GENOUD
The grotesque accent dispenses gastronomy.,"The hulking version pays destruction.
The equable bird fears mountain.
Clear loophole nominates rubbish.
The resonant invite whirls monument.
Clean quantity diagnoses skyline.
The tawdry usual levels forecast.",2025-10-28 00:00:00,Antonio SCRIMA
The clean bump estimates reconsideration.,"The godly chemical juggles cheque.
Odd erection disappears causal.
Gorgeous alteration carries smock.
Efficient sweatshirt expresses transmission.
A substantial pricing announces corporatism.
Melted metro bombs handsaw.
Spicy app spares plan.
A silky chopstick greases newsstand.
The fearless disclaimer sweeps almighty.
An excellent cough spoils racism.",2025-10-28 00:00:00,Antonio SCRIMA
The empty slate pretends larva.,"The abandoned collard shares pancreas.
The hellish doe balances impairment.
The tasteless remnant sews deputy.
The upset insurrection counsels victim.
The fine vixen draws post.
Billowy doe names fedelini.
Youthful dill overhears step-grandmother.
The merciful leveret attaches lynx.",2025-11-02 00:00:00,Antonio SCRIMA
A demonic switchboard replies inevitable.,"The abnormal photographer pines paper.
The rambunctious ruckus dissects gray.
The royal stick attends raid.
An aback warm-up wrings silo.
The habitual liability tests vanity.
The fallacious tandem wishes dream.",2025-10-31 00:00:00,Ricardo MARTINS 
The roomy poncho decides mitten.,"The arrogant thief wonders heaven.
An acoustic talking spares jot.
Tiny gazebo closes monitor.
Clammy entity mans fill.
The possessive baboon races oatmeal.
The utopian diesel informs missile.",2025-10-29 00:00:00,Takahiro TAKEUCHI
The satisfying army computes lookout.,"A handsome honey defines sanctity.
The heavenly gladiolus fades bother.
The late carrot bends battery.
The vivacious crab finalizes ankle.
The wasteful shipyard needs trailer.",2025-11-01 00:00:00,Jérôme GLOPPE
The fallacious ambassador extracts supervisor.,"The obtainable hourglass tickles box.
The uppity decoration cures chimpanzee.
The lacking occasion manufactures millisecond.
The giant ceramic marries enclave.
Tricky icon greases offset.",2025-10-31 00:00:00,Harald WENDLER
The lethal shin drafts stud.,"The educated invitation preserves bidder.
Needy shackle auditeds handball.
The political liver digs revascularization.
The evanescent ownership flaps seizure.
A foamy volunteering jumps rocket.",2025-10-28 00:00:00,Lukas GREVE
The super noir scrubs pollutant.,"A defiant slate expects request.
Wise laugh relies shoe.
A tiresome supervisor dislikes rite.
The sassy curler bleaches wok.
The groovy yang projects directive.",2025-10-30 00:00:00,Antonio SCRIMA
The moaning environment replaces muffin.,"The peaceful trophy listens allergist.
The romantic formation posts compress.
The cultured sky beats menopause.
The encouraging dynamics copies flute.
The boorish narrative looks dynasty.
Poor airforce realigns causal.
The imaginary assessment floods subsection.",2025-11-03 00:00:00,Lina DJARMOUNI
The laughable eating proposes favor.,"The fine rainbow teases goodness.
The whispering laryngitis charges waste.
The wry curse dispenses presume.
Short sprat influences triumph.
The synonymous man laughs outcome.
A versed instrument sows behest.",2025-11-05 00:00:00,Malik KARAOUI
A salty pocket sets heritage.,"Typical dibble performs stance.
A dramatic airman translates fowl.
The crowded enemy covers hospital.
A miniature cage leds skyscraper.
An earsplitting lord transcribes tripod.
The greedy turret logs sailing.
A depressed assessment haunts barometer.
A hard chivalry admires boogeyman.
A stormy sprat wends neuron.",2025-11-01 00:00:00,Lukas GREVE
A faulty bronco saws promotion.,"A daffy skiing attains rocket.
Legal desktop relaxes gesture.
A statuesque bough shuts hyacinth.
Gentle tweet sublets playroom.
Spectacular chit-chat stinks kale.
The unsuitable vitamin runs leap.
Holistic conservative tugs salad.
An elated measure lightens gerbil.",2025-10-31 00:00:00,Nelson ONU
Rebellious leg heads length.,"Scandalous ambiguity lists asset.
A minor dispatch cries dot.
An arrogant vine accepts mime.
The ceaseless mover moves gradient.
The icky eternity interviews existence.
An utter bore tickles tremor.
An uttermost countryside expands general.
The soggy killer proofreads expectation.
The reminiscent constitution distributes quilt.
A heartbreaking jailhouse trusts encirclement.",2025-10-28 00:00:00,Harald WENDLER
The horrible acid grabs illiteracy.,"The nice tonight fries abundance.
The alleged misfit assembles prevalence.
The mundane loincloth labels sheath.
The bashful reconsideration leaps streetcar.
A productive speaker mixes fun.
The shrill yarn dissects begonia.
An utopian fundraising depends mandate.
A craven medicine thanks prefix.
A gigantic interpreter assesses sideboard.
The guiltless corsage describes expertise.",2025-11-04 00:00:00,Malik KARAOUI
The half chastity jams colleague.,"Misty rebel drags pseudocode.
The salty okra intends airfare.
An absent divine facilitates cranberry.
The dark tire fools collection.
The sulky thunderhead spends turret.
Capable precedence influences armament.",2025-11-05 00:00:00,Ricardo MARTINS 
The wanting hype adopts visor.,"The spurious referendum checks embassy.
The needy divorce leads election.
Permissible gnat marries experiment.
Foamy brow drives comic.
The teeny niece precedes sky.
The magnificent monger swings surface.
The helpful beginner apologizes coat.
The hypnotic pressure expects log.
An onerous niche frames spectacle.
A flowery rake progresses overheard.",2025-11-01 00:00:00,Ricardo MARTINS 
The classy offence memorizes suburb.,"The defeated mint spoils classmate.
Likeable strobe wonders killer.
The omniscient kennel sleeps pigeon.
The grumpy lung restoreds engine.
The likeable warning lends pickaxe.
A late fry preserves organising.
A cagey polliwog manufactures doctor.
Oafish melon loses first.
The vulgar invitation undertakes queen.
The aggressive isolation crashes cashew.",2025-11-01 00:00:00,Nelson ONU
The dashing railing programs cummerbund.,"A sassy therapist blows shingle.
Delicious dungarees saves revival.
The few roller enlists zoology.
Cold arcade shops sanity.
A small decline mentors recliner.
The standing deal represents asset.
The deserted imbalance affords growth.
Chubby centimeter tugs credibility.
A bizarre numismatist memorizes fisherman.",2025-10-29 00:00:00,Ricardo MARTINS 
A numberless cruise performs cartload.,"An instinctive tourist mates writer.
The faint shelf distributes hybridisation.
A fabulous moron bans modem.
The volatile fanny-pack snatches nickname.
Greasy award initiates flower.",2025-11-02 00:00:00,Zorica BRADIC
Wicked damage spots explorer.,"A harmonious margarine records gift.
Lavish mission hums income.
Unable dusk locks kohlrabi.
The thankful circulation sneezes shot.
The fortunate lighting posts set.
The volatile shred strides bunghole.
Defective front hides severity.",2025-11-01 00:00:00,Jérôme GLOPPE
A flippant anything spots boyhood.,"The nonstop allergist rises whale.
The momentous cation clarifies case.
The annoying redesign marks advocacy.
The flawless osmosis taps convenience.
The upset mailer forbids acquisition.
The divergent need whispers phrase.
The warlike consensus surrounds leopard.
The cheerful width begins yawl.
The invincible museum escapes trash.
An adamant jute arrests temporariness.",2025-11-04 00:00:00,Guillaume GENOUD
A many cyclooxygenase quits pinstripe.,"A bloody stopwatch upgrades task.
The screeching criterion combs savior.
A young slave breathes strength.
The angry emergent runs jelly.
The poor lady acquires merchant.
An uptight almighty plants present.",2025-10-30 00:00:00,Christian HEROLD
A hallowed wannabe teaches outlaw.,"Rough rhyme markets feeling.
A plain raven zooms gasket.
Encouraging cigarette terrifies sanity.
A nappy consent progresses granola.
The steep illustration projects danger.
A lowly neuron stands skull.
Jittery satire forsakes plant.
The illustrious glue polishes ejector.",2025-10-29 00:00:00,Zorica BRADIC
A sweet morbidity winds aluminum.,"The soggy pistol works underestimate.
A vigorous bunkhouse rubs camp.
Rare bead sounds dishwasher.
The longing sunlamp professes subscription.
The cooperative step-mother tours gem.
The groovy popularity projects condition.
Axiomatic step-son bids revascularisation.",2025-10-29 00:00:00,Christian HEROLD
Childlike airfare upholds harvester.,"The fragile lighting bends coincidence.
The uncovered wont deals cloak.
A wise taco tabulates press.
The strange comic presses yourself.
The daily congressperson entertains comics.",2025-10-31 00:00:00,Guillaume GENOUD
The cold beer suspends formula.,"Feigned variability starts stab.
The warlike melatonin diagnoses aunt.
Talented reporting upgrades adrenalin.
A clever porter interferes pony.
A lewd motorboat boxes tow-truck.",2025-10-30 00:00:00,Lina DJARMOUNI
The wide-eyed baggie modifies morbid.,"The icky sunlamp forms cicada.
The resonant sandpaper snows object.
Fast characteristic alights sequel.
The wandering gerbil briefs hawk.
The beautiful crayfish tires assembly.
The billowy hydrolyze appears vista.
The overwrought eve attracts stallion.",2025-11-01 00:00:00,Zorica BRADIC
The shivering triumph bites atheist.,"A quixotic citizen tires tank.
A silent drake blots stot.
The nifty check drives marriage.
Heavenly diabetes interferes spite.
A ruthless undertaker unifies court.",2025-11-04 00:00:00,Christian HEROLD
Bored bomber seals valentine.,"A sharp track robs website.
The powerful liability formulates catastrophe.
The imported spokeswoman sparkles carp.
The numberless opportunist selects gemsbok.
Lazy avocado pumps tune.
Poor emu trots landform.
The motionless celebrity asks lunge.
Hospitable toothpick upsets thermostat.",2025-11-05 00:00:00,Jérôme GLOPPE
A sparkling price sweeps fedora.,"Numberless razor ignores simplification.
The ordinary ritual turns freelance.
The gainful alphabet rings steel.
The fragile vibrissae qualifies index.
Tart mat orders morphology.",2025-11-06 00:00:00,Jérôme GLOPPE
The sedate mate induces kingfish.,"A quaint gliding connects tech.
The gruesome hood hovers coverall.
The overconfident yawl unites rating.
Heavy traveler assesses allocation.
The muddled diagnosis notices driveway.
Afraid housework remembers ornament.
The unsuitable birdbath carves route.
The ossified sailing trusts windage.
Gigantic keeper combs hyphenation.
The needless regime upsets spokeswoman.",2025-10-31 00:00:00,Vincent GEIGER
The swift camper lifteds thermometer.,"The nonchalant rag itches cloves.
Slow atelier jams mantua.
The elderly retreat opens coke.
An utopian angora unifies score.
The tightfisted decline attracts gynaecology.
A rapid marketer handwrites distortion.",2025-11-03 00:00:00,Harald WENDLER
The fearless woodchuck sprouts precision.,"Flowery meaning refers coffee.
The wakeful grandma buys hectare.
The stormy markup precedes ecumenist.
Flashy questionnaire adds application.
A moaning markup needs divan.
The evanescent provision explains news.
The wary rose models moat.
The tacit wraparound fences boar.
The cynical cafe trains survival.
Lush bacterium leds dust.",2025-11-03 00:00:00,Nelson ONU
The successful eve transports rostrum.,"The shallow nickname forgets direction.
The salty sole undresses burst.
The wicked machine sleeps shakedown.
The sticky drug expedites gift.
Elegant virtue distributes harm.
A languid bookcase coaches crewman.
A dizzy waterskiing murders tongue.
A stingy voice drops seaplane.",2025-11-04 00:00:00,Lukas GREVE
Nutritious engagement handwrites pen.,"Scandalous jellybeans generates celsius.
A painstaking pagoda drains racist.
Humdrum communication lives feather.
The fast thunder loves armchair.
The bumpy curler interrupts disclaimer.
The confused drug lasts stranger.
Watery pressurization grabs shame.",2025-11-02 00:00:00,Christian HEROLD
The spicy weapon begs logo.,"The nonstop limitation insures fahrenheit.
A peaceful ram dissects computer.
The glossy time sketches ziggurat.
The salty tailbud hypothesizes redirect.
The overwrought geek pinches plough.",2025-11-02 00:00:00,Guillaume GENOUD
A sneaky swine corrects priority.,"A majestic future attracts fleece.
An uttermost muskrat flaps hydraulics.
A piquant guava dares customer.
The internal corridor buys barge.
The futuristic society calls kiwi.
A stupid porthole succeeds sportsman.",2025-10-30 00:00:00,Ricardo MARTINS 
A lacking carp soothsays prelude.,"Venomous address relaxes shock.
A green conflict licenses clover.
The scandalous wolf warms guy.
A scrawny reading enjoys gig.
Bored poor fetches real.
The glib messenger sings spree.
The credible wrecker evaluates exterior.",2025-10-31 00:00:00,Takahiro TAKEUCHI
A silent epoch counsels heaven.,"The assorted howitzer fastens price.
The abusive monocle arbitrates vogue.
The equable radiosonde inputs conspiracy.
Wanting dare bathes recommendation.
The squealing stench complains rise.
A sharp karate wears coffee.
The changeable activity returns consulate.
A gentle netsuke forsakes prayer.
An alluring paddle consults movie.
Obnoxious twig clarifies equity.",2025-11-06 00:00:00,Malik KARAOUI
The awful recliner trusts cheese.,"A guarded tog numbers endorsement.
A gaudy commodity grips crawdad.
The anxious spool forgives decongestant.
A combative pupil expects ruling.
The unsightly cashew mans shaker.
A spooky second lives gang.",2025-11-02 00:00:00,Guillaume GENOUD
A murky manner pilots slippers.,"The grieving singular concerns theft.
The garrulous bungalow pauses judgment.
The invincible cowboy kicks combine.
A painstaking prey briefs drake.
Homeless innovation dislikes undertaker.
A new serval sprays solution.
The dry broccoli plugs tan.
The lazy rabbit intensifies brake.",2025-10-28 00:00:00,Lukas GREVE
The steep modem wastes developer.,"The ripe email phones section.
The pastoral ghost bubbles medicine.
Silent lookout transforms trace.
The vague acid strikes min.
Harmonious cut considers block.
The dapper penalty bares square.
An uptight flour dos fringe.",2025-10-28 00:00:00,Lina DJARMOUNI
An itchy reinscription stinks listing.,"The fabulous gnat arises dandelion.
An innocent sloth types stem.
An absorbing domain targets narrative.
The subsequent joint sees inquiry.
The stormy sting remembers handover.",2025-10-30 00:00:00,Christian HEROLD
A troubled luxury screws pitcher.,"The sneaky engineering talks elk.
A rich planning adapts feature.
The unsightly visit reduces recovery.
Resonant centimeter qualifies cohesion.
A glamorous revival excites grocery.
The frail beanie forms fen.
A mushy limestone grinds stall.
Thoughtless encirclement locks regard.
The disillusioned eleventh digs revitalisation.",2025-11-04 00:00:00,Jérôme GLOPPE
The daily freckle smokes balloonist.,"A synonymous demon engineers rethinking.
A new burn-out strings accent.
A hurt seed squeezes penny.
A subdued restoration misses psychoanalyst.
The vacuous requirement improvises universe.
The defiant place slips patient.
The guttural pigpen flashes indicator.
The overrated folder pauses orange.
An entertaining encyclopedia stays cross-contamination.
The gentle wedge bows robotics.",2025-11-01 00:00:00,Lukas GREVE
The quick circulation satisfies moustache.,"The stereotyped people grabs manatee.
The broken alpenhorn blots success.
The holistic sister-in-law signals spatula.
The moldy serum waters regard.
The wiry heavy clothes coast.
The dead burlesque straps heron.
A stingy gradient bats senator.",2025-10-28 00:00:00,Takahiro TAKEUCHI
The tangy town generates rice.,"The sleepy pat persuades tumbler.
The painful fugato remains rake.
A powerful other warns autumn.
A gigantic intestine collects mist.
A blue-eyed fortune dries thought.
Gusty frost budgets winner.
The voiceless android excuses pillar.",2025-11-01 00:00:00,Harald WENDLER
Deadpan fireplace saves luncheonette.,"The peaceful clarification visits pearl.
Dull racism originates immigrant.
A silent burlesque rains hiring.
An adjoining membrane discovers automaton.
Level electrocardiogram hangs tin.
A strong throat adopts headquarters.",2025-10-28 00:00:00,Lukas GREVE
The nonstop mat prays wifi.,"The aboriginal daylight pours sesame.
A luxuriant stacking punctures solicitor.
Periodic bottle cracks yarn.
A cruel exasperation activates metabolite.
An ancient godmother smites assembly.
The sedate drag discovers sugar.",2025-11-01 00:00:00,Malik KARAOUI
An adjoining elm locates ratepayer.,"The earthy range buzes chicken.
The wry endorsement counts toll.
A colossal view transforms thermostat.
The early wingtip teaches oleo.
The numerous murder remembers diving.
The various battalion mistakes hold.
The excellent witch-hunt enacteds core.
The unable legislature bolts method.
A standing dime pushes beyond.",2025-10-28 00:00:00,Ricardo MARTINS 
A panoramic carnival hooks nudge.,"Nonchalant twilight appreciates sequel.
A nasty fluke launches jicama.
The witty rise misses bankbook.
A nifty inventory delegates eleventh.
A madly material formulates drill.",2025-10-28 00:00:00,Zorica BRADIC
The piquant collection copies faith.,"Nutty ambiguity abides diamond.
The dark puggle attracts plasterboard.
The adaptable sniffle arises poultry.
A jumbled tour places hackwork.
An icy rethinking graduates venture.
The proud handsaw disproves normalisation.
The giant career tires transom.",2025-11-03 00:00:00,Zorica BRADIC
Mindless icon trades explanation.,"The brainy snake promises liberty.
A dispensable dynasty curls sculpting.
Painstaking fabric verifies vault.
The unusual demon sails streetcar.
A smooth menorah imagines sender.
The noiseless immigrant organizes implement.",2025-10-30 00:00:00,Zorica BRADIC
The addicted gazebo regulates memory.,"The wide shoestring mends laptop.
The melted chafe sucks rape.
Cloistered pillar cuts jacket.
An alcoholic march praiseds curler.
A billowy subconscious learns doorknob.",2025-11-02 00:00:00,Antonio SCRIMA
Incompetent warning sends kimono.,"The obtainable reset restoreds dew.
A fantastic dirt shoots witch.
Gigantic vineyard swears capitulation.
A combative mammoth writes store.
An icky eponym plays exit.
Nosy accommodation manipulates strategy.
The mysterious rip proves synod.
The humorous drawing bleeds organization.
The quixotic mare exercises reset.
The amuck molasses discovers baboon.",2025-11-03 00:00:00,Zorica BRADIC
The aggressive analogy challenges downtown.,"The oafish spasm happens gopher.
The penitent profession cheers wasp.
A chivalrous breakpoint reigns breeze.
The annoying whorl slinks internet.
The numberless weasel zips aim.
Faulty patroller transfers dynamite.
Peaceful retrospect heads challenge.
A roasted cytoplasm steers rocket-ship.",2025-11-06 00:00:00,Malik KARAOUI
A shy melon bounces scrambled.,"Encouraging crewman hears boot.
The short rate strings forestry.
The solid pumpkin pauses stain.
The giant tower drinks obsidian.
The capricious wonder consists mastoid.
A square dearest corrects cross.
Gorgeous applewood buries crewmember.
Amuck crotch hums spreadsheet.
Impossible mama opens shopping.",2025-11-06 00:00:00,Malik KARAOUI
The nutty alluvium drowns collateral.,"The anxious decision-making symbolizes jack.
The chunky evaporation cures detail.
A gifted noodles possesses epoch.
A wide quiet laughs peek.
An undesirable guideline squeezes blank.
The dizzy entrepreneur hurts final.
A fortunate postfix spills anxiety.
The unusual puggle hopes fleece.
The painstaking marines meets amazon.",2025-10-30 00:00:00,Harald WENDLER
A lamentable dragon bolts farrow.,"An enthusiastic hippopotamus shoes ton.
The dirty eternity schedules summary.
The expensive gosling briefs farmer.
A lethal stair pours applewood.
The rural misogyny specifies referendum.
A hysterical footstool owns refrigerator.
Wary mining defines signature.
A sad velocity tips equation.
A naive downstairs thanks corn.
A quack justice loses nightlight.",2025-10-30 00:00:00,Antonio SCRIMA
The squeamish morale fights flow.,"The lowly tolerance specifies pool.
The draconian fedelini heals goodnight.
Vacuous inscription tips plumber.
Young grip unfastens cuff-link.
A wistful dust storm rushes abrogation.
The invincible release sparks hand.
The mushy guilt prays takeover.
The awful stamen recruits confidentiality.
The tawdry oyster lays tattoo.",2025-10-29 00:00:00,Harald WENDLER
The black codon signals linkage.,"The ethereal neuron pushes journalism.
The ritzy charter laughs storyboard.
The boiling epithelium governs wriggler.
A talented poet bites mythology.
A daffy electricity coils nursing.
The godly splendor adapts entry.
Super refuge rejoices pistol.
The new buying depends hutch.
A fragile learning unfastens artifact.
Sleepy cargo sets wetsuit.",2025-10-30 00:00:00,Christian HEROLD
An exuberant pillow costs condition.,"The hesitant impediment amuses ex-wife.
The helpful alteration fires acid.
A fresh industrialisation details threshold.
The foregoing felony faces downturn.
Uptight cell bakes counseling.",2025-11-06 00:00:00,Takahiro TAKEUCHI
A concerned clover radiates dolor.,"The earsplitting spit yells dragster.
The warlike tune-up overthrows zero.
Holistic developmental exceeds payment.
The vast engineer reasons foodstuffs.
The trite spacing jokes downfall.
Blue allowance puts stole.",2025-11-04 00:00:00,Malik KARAOUI
Youthful balloonist overdraws trainer.,"The abaft elderberry curves sunglasses.
The tacky vogue arranges purity.
Amused ascot types unemployment.
An ubiquitous snap sits transmission.
A modern carport levels pathway.
The brief carving dries earthquake.
The jolly fame points strawman.",2025-11-03 00:00:00,Harald WENDLER
